Steps,Policy/Entropy,Policy/Learning Rate,Environment/Lesson,Policy/Extrinsic Value Estimate,Policy/Extrinsic Reward,Environment/Cumulative Reward,Environment/Episode Length,Losses/Value Loss,Losses/Policy Loss
2000,0.7934194,0.00029992504,0.0,-5.480926,6.885429023378664,6.88542880118083,209.1304347826087,50.084656,0.037717585
4000,0.8943575,0.00029977507,0.448,-3.654964,11.509182639370795,11.501632580497942,223.27397260273972,18.96653,0.03465521
6000,0.97214925,0.00029962504,1.0,-1.7667345,11.964716356579144,11.96471663645443,207.5974025974026,9.936243,0.031205261
8000,0.98252136,0.00029947504,1.0,-0.3666696,18.055686090437494,18.055684467235295,220.25352112676057,13.389999,0.036109235
10000,0.987866,0.00029932504,1.0,1.0032051,14.989739850975775,14.989739605166816,214.43835616438355,11.439235,0.03221067
12000,0.98369116,0.00029917504,1.0,1.7239257,22.41024150307049,22.41023944929024,229.1549295774648,35.986473,0.03328516
14000,0.94634134,0.00029902507,1.0,2.3146358,19.63594144772784,19.635940780365942,213.40845070422534,17.062197,0.031743906
16000,0.7949482,0.00029887503,1.0,2.5980554,14.700216252818443,14.70021624150383,223.57534246575344,13.893944,0.037875175
