{
  "name": "root",
  "gauges": [
    {
      "name": "My Behavior.mean_reward",
      "value": 14.70021624150383,
      "min": 6.88542880118083,
      "max": 22.41023944929024,
      "count": 8
    }
  ],
  "total": 344.2312295,
  "count": 1,
  "self": 14.724490999997329,
  "children": [
    {
      "name": "TrainerController.advance",
      "total": 329.50673850000265,
      "count": 17350,
      "self": 15.934562100000392,
      "children": [
        {
          "name": "env_step",
          "total": 279.54916340000227,
          "count": 17350,
          "self": 268.4219332000033,
          "children": [
            {
              "name": "SubprocessEnvManager._take_step",
              "total": 10.868192099999082,
              "count": 17350,
              "self": 0.37834079999833037,
              "children": [
                {
                  "name": "PPOPolicy.evaluate",
                  "total": 10.489851300000751,
                  "count": 17350,
                  "self": 10.489851300000751
                }
              ]
            },
            {
              "name": "workers",
              "total": 0.25903809999986116,
              "count": 17349,
              "self": 0.0,
              "children": [
                {
                  "name": "worker_root",
                  "total": 342.1415872000013,
                  "count": 17349,
                  "is_parallel": true,
                  "self": 87.05850480000342,
                  "children": [
                    {
                      "name": "batched_step_result_from_proto",
                      "total": 0.001079200000000391,
                      "count": 2,
                      "is_parallel": true,
                      "self": 0.0004950999999966399,
                      "children": [
                        {
                          "name": "_process_vector_observation",
                          "total": 0.0005841000000037511,
                          "count": 2,
                          "is_parallel": true,
                          "self": 0.0005841000000037511
                        }
                      ]
                    },
                    {
                      "name": "UnityEnvironment.step",
                      "total": 255.0820031999979,
                      "count": 17349,
                      "is_parallel": true,
                      "self": 1.7750371999930792,
                      "children": [
                        {
                          "name": "UnityEnvironment._generate_step_input",
                          "total": 2.217286200001827,
                          "count": 17349,
                          "is_parallel": true,
                          "self": 2.217286200001827
                        },
                        {
                          "name": "communicator.exchange",
                          "total": 245.02701690000202,
                          "count": 17349,
                          "is_parallel": true,
                          "self": 245.02701690000202
                        },
                        {
                          "name": "batched_step_result_from_proto",
                          "total": 6.062662900000949,
                          "count": 17349,
                          "is_parallel": true,
                          "self": 2.956015600000762,
                          "children": [
                            {
                              "name": "_process_vector_observation",
                              "total": 3.106647300000187,
                              "count": 17349,
                              "is_parallel": true,
                              "self": 3.106647300000187
                            }
                          ]
                        }
                      ]
                    }
                  ]
                }
              ]
            }
          ]
        },
        {
          "name": "update_policy",
          "total": 34.02301299999999,
          "count": 33,
          "self": 25.312761799999638,
          "children": [
            {
              "name": "PPOPolicy.update",
              "total": 8.710251200000354,
              "count": 1584,
              "self": 8.710251200000354
            }
          ]
        }
      ]
    }
  ]
}