{
  "name": "root",
  "gauges": [
    {
      "name": "My Behavior.mean_reward",
      "value": 1.3799663954429882,
      "min": 1.3799663954429882,
      "max": 3.817512934023633,
      "count": 17
    }
  ],
  "total": 324.5871726,
  "count": 1,
  "self": 19.238631899999973,
  "children": [
    {
      "name": "TrainerController.advance",
      "total": 305.3485407,
      "count": 35934,
      "self": 31.95289710000202,
      "children": [
        {
          "name": "env_step",
          "total": 204.83618949999786,
          "count": 35934,
          "self": 181.43291480000022,
          "children": [
            {
              "name": "SubprocessEnvManager._take_step",
              "total": 22.910289300000258,
              "count": 35934,
              "self": 0.7427151000041547,
              "children": [
                {
                  "name": "PPOPolicy.evaluate",
                  "total": 22.167574199996103,
                  "count": 35934,
                  "self": 22.167574199996103
                }
              ]
            },
            {
              "name": "workers",
              "total": 0.4929853999973748,
              "count": 35933,
              "self": 0.0,
              "children": [
                {
                  "name": "worker_root",
                  "total": 322.5761283999937,
                  "count": 35933,
                  "is_parallel": true,
                  "self": 167.68327219999364,
                  "children": [
                    {
                      "name": "batched_step_result_from_proto",
                      "total": 0.0004799000000001996,
                      "count": 1,
                      "is_parallel": true,
                      "self": 0.0002200000000005531,
                      "children": [
                        {
                          "name": "_process_vector_observation",
                          "total": 0.0002598999999996465,
                          "count": 1,
                          "is_parallel": true,
                          "self": 0.0002598999999996465
                        }
                      ]
                    },
                    {
                      "name": "UnityEnvironment.step",
                      "total": 154.89237630000008,
                      "count": 35933,
                      "is_parallel": true,
                      "self": 3.418897799999854,
                      "children": [
                        {
                          "name": "UnityEnvironment._generate_step_input",
                          "total": 4.41457860000096,
                          "count": 35933,
                          "is_parallel": true,
                          "self": 4.41457860000096
                        },
                        {
                          "name": "communicator.exchange",
                          "total": 135.3053502999967,
                          "count": 35933,
                          "is_parallel": true,
                          "self": 135.3053502999967
                        },
                        {
                          "name": "batched_step_result_from_proto",
                          "total": 11.753549600002577,
                          "count": 35933,
                          "is_parallel": true,
                          "self": 5.843906400004966,
                          "children": [
                            {
                              "name": "_process_vector_observation",
                              "total": 5.909643199997611,
                              "count": 35933,
                              "is_parallel": true,
                              "self": 5.909643199997611
                            }
                          ]
                        }
                      ]
                    }
                  ]
                }
              ]
            }
          ]
        },
        {
          "name": "update_policy",
          "total": 68.55945410000012,
          "count": 68,
          "self": 51.52695680000008,
          "children": [
            {
              "name": "PPOPolicy.update",
              "total": 17.032497300000042,
              "count": 3264,
              "self": 17.032497300000042
            }
          ]
        }
      ]
    }
  ]
}