Steps,Policy/Entropy,Policy/Learning Rate,Policy/Extrinsic Value Estimate,Policy/Extrinsic Reward,Environment/Cumulative Reward,Environment/Episode Length
1000,1.4189383,0.00029700302,-0.10416449,1.0974999762498416,1.0975000312551857,21.951923076923077
2000,1.4160762,0.00029100303,-0.050124332,1.29205015862836,1.2920502433592305,23.92050209205021
3000,1.4101709,0.000285003,0.056193646,1.4619999480247499,1.4620000366866588,25.62
4000,1.4029188,0.00027900303,0.21812244,2.0444141197594377,2.044414214302636,31.444141689373296
