{
  "name": "root",
  "gauges": [
    {
      "name": "My Behavior.mean_reward",
      "value": -7.000200140697416,
      "min": -7.000200140697416,
      "max": -7.000200140697416,
      "count": 1
    }
  ],
  "total": 47.1629125,
  "count": 1,
  "self": 10.003949300000052,
  "children": [
    {
      "name": "TrainerController.advance",
      "total": 37.158963199999945,
      "count": 8767,
      "self": 4.548291200000193,
      "children": [
        {
          "name": "env_step",
          "total": 32.61067199999975,
          "count": 8767,
          "self": 27.407161499999425,
          "children": [
            {
              "name": "SubprocessEnvManager._take_step",
              "total": 5.072164400000011,
              "count": 8767,
              "self": 0.21073050000010252,
              "children": [
                {
                  "name": "PPOPolicy.evaluate",
                  "total": 4.861433899999908,
                  "count": 8767,
                  "self": 4.861433899999908
                }
              ]
            },
            {
              "name": "workers",
              "total": 0.13134610000031532,
              "count": 8766,
              "self": 0.0,
              "children": [
                {
                  "name": "worker_root",
                  "total": 45.71044179999994,
                  "count": 8766,
                  "is_parallel": true,
                  "self": 24.768021300000196,
                  "children": [
                    {
                      "name": "batched_step_result_from_proto",
                      "total": 0.0004528999999999783,
                      "count": 1,
                      "is_parallel": true,
                      "self": 0.00025690000000011537,
                      "children": [
                        {
                          "name": "_process_vector_observation",
                          "total": 0.00019599999999986295,
                          "count": 1,
                          "is_parallel": true,
                          "self": 0.00019599999999986295
                        }
                      ]
                    },
                    {
                      "name": "UnityEnvironment.step",
                      "total": 20.941967599999746,
                      "count": 8766,
                      "is_parallel": true,
                      "self": 0.7431140999991221,
                      "children": [
                        {
                          "name": "UnityEnvironment._generate_step_input",
                          "total": 0.6526620000001584,
                          "count": 8766,
                          "is_parallel": true,
                          "self": 0.6526620000001584
                        },
                        {
                          "name": "communicator.exchange",
                          "total": 17.49911920000047,
                          "count": 8766,
                          "is_parallel": true,
                          "self": 17.49911920000047
                        },
                        {
                          "name": "batched_step_result_from_proto",
                          "total": 2.0470722999999946,
                          "count": 8766,
                          "is_parallel": true,
                          "self": 1.1341426999999102,
                          "children": [
                            {
                              "name": "_process_vector_observation",
                              "total": 0.9129296000000844,
                              "count": 8766,
                              "is_parallel": true,
                              "self": 0.9129296000000844
                            }
                          ]
                        }
                      ]
                    }
                  ]
                }
              ]
            }
          ]
        }
      ]
    }
  ]
}