{
  "name": "root",
  "gauges": [
    {
      "name": "My Behavior.mean_reward",
      "value": -10.000200219932594,
      "min": -10.000200219932594,
      "max": -10.000200219932594,
      "count": 1
    }
  ],
  "total": 57.2208672,
  "count": 1,
  "self": 15.571617299999808,
  "children": [
    {
      "name": "TrainerController.advance",
      "total": 41.64924990000019,
      "count": 9117,
      "self": 4.985493799999759,
      "children": [
        {
          "name": "env_step",
          "total": 36.663756100000434,
          "count": 9117,
          "self": 31.20106770000109,
          "children": [
            {
              "name": "SubprocessEnvManager._take_step",
              "total": 5.326308399999501,
              "count": 9117,
              "self": 0.22301769999957521,
              "children": [
                {
                  "name": "PPOPolicy.evaluate",
                  "total": 5.103290699999926,
                  "count": 9117,
                  "self": 5.103290699999926
                }
              ]
            },
            {
              "name": "workers",
              "total": 0.13637999999984451,
              "count": 9116,
              "self": 0.0,
              "children": [
                {
                  "name": "worker_root",
                  "total": 55.673943999999814,
                  "count": 9116,
                  "is_parallel": true,
                  "self": 31.201037099999876,
                  "children": [
                    {
                      "name": "batched_step_result_from_proto",
                      "total": 0.00037670000000034065,
                      "count": 1,
                      "is_parallel": true,
                      "self": 0.00018269999999986908,
                      "children": [
                        {
                          "name": "_process_vector_observation",
                          "total": 0.00019400000000047157,
                          "count": 1,
                          "is_parallel": true,
                          "self": 0.00019400000000047157
                        }
                      ]
                    },
                    {
                      "name": "UnityEnvironment.step",
                      "total": 24.472530199999937,
                      "count": 9116,
                      "is_parallel": true,
                      "self": 0.7738648999996798,
                      "children": [
                        {
                          "name": "UnityEnvironment._generate_step_input",
                          "total": 0.670485600000216,
                          "count": 9116,
                          "is_parallel": true,
                          "self": 0.670485600000216
                        },
                        {
                          "name": "communicator.exchange",
                          "total": 20.873632799999918,
                          "count": 9116,
                          "is_parallel": true,
                          "self": 20.873632799999918
                        },
                        {
                          "name": "batched_step_result_from_proto",
                          "total": 2.154546900000126,
                          "count": 9116,
                          "is_parallel": true,
                          "self": 1.199263799999919,
                          "children": [
                            {
                              "name": "_process_vector_observation",
                              "total": 0.9552831000002069,
                              "count": 9116,
                              "is_parallel": true,
                              "self": 0.9552831000002069
                            }
                          ]
                        }
                      ]
                    }
                  ]
                }
              ]
            }
          ]
        }
      ]
    }
  ]
}