Steps,Policy/Entropy,Policy/Learning Rate,Policy/Extrinsic Value Estimate,Policy/Extrinsic Reward,Environment/Cumulative Reward,Environment/Episode Length
6000,0.68051416,0.00026700302,0.44226474,-10.000200191745535,-10.000200219932594,4922.0
7000,0.6406775,0.000261003,4.0322566,None,None,None
8000,0.68050015,0.00025500305,0.42376345,None,None,None
9000,0.68050015,0.00024900303,0.4237635,None,None,None
