{
  "name": "root",
  "total": 2.8321654,
  "count": 1,
  "self": 2.8321654
}