Steps,Policy/Entropy,Policy/Learning Rate,Policy/Extrinsic Value Estimate,Losses/Value Loss,Losses/Policy Loss,Policy/Extrinsic Reward,Environment/Cumulative Reward,Environment/Episode Length
4986,0.050196394,0.00029992522,-1562.735,336635.34,0.09548518,4.70262811350268,4.7026274761301465,114.48837209302326
9986,0.0,0.00029977545,-681.36847,106081.07,0.025524396,7.983601093292236,7.983599728802801,82.0
14986,0.0,0.00029962545,-269.22852,17019.229,0.02495856,7.983601093292236,7.983599728802801,82.0
19986,0.0,0.00029947542,-135.05722,3690.9578,0.02429103,7.983601093292236,7.983599728802801,82.0
24986,0.0,0.00029932542,-55.28211,1229.4365,0.023341643,7.983601093292236,7.983599728802801,82.0
