{
  "name": "root",
  "gauges": [
    {
      "name": "My Behavior.mean_reward",
      "value": 2.8666666666666667,
      "min": 1.8771739129948875,
      "max": 13.513793103396893,
      "count": 50
    }
  ],
  "total": 823.9691968,
  "count": 1,
  "self": 39.763589099989304,
  "children": [
    {
      "name": "TrainerController.advance",
      "total": 784.2056077000107,
      "count": 100001,
      "self": 97.08483800001613,
      "children": [
        {
          "name": "env_step",
          "total": 497.07598399999455,
          "count": 100001,
          "self": 427.0692453000056,
          "children": [
            {
              "name": "SubprocessEnvManager._take_step",
              "total": 68.37487519999827,
              "count": 100001,
              "self": 2.9093469999916834,
              "children": [
                {
                  "name": "PPOPolicy.evaluate",
                  "total": 65.46552820000659,
                  "count": 100001,
                  "self": 65.46552820000659
                }
              ]
            },
            {
              "name": "workers",
              "total": 1.6318634999906383,
              "count": 100001,
              "self": 0.0,
              "children": [
                {
                  "name": "worker_root",
                  "total": 819.7914767999883,
                  "count": 100001,
                  "is_parallel": true,
                  "self": 479.05434129997786,
                  "children": [
                    {
                      "name": "batched_step_result_from_proto",
                      "total": 0.0004483999999997934,
                      "count": 1,
                      "is_parallel": true,
                      "self": 0.00018209999999996285,
                      "children": [
                        {
                          "name": "_process_vector_observation",
                          "total": 0.00026629999999983056,
                          "count": 1,
                          "is_parallel": true,
                          "self": 0.00026629999999983056
                        }
                      ]
                    },
                    {
                      "name": "UnityEnvironment.step",
                      "total": 340.7366871000105,
                      "count": 100001,
                      "is_parallel": true,
                      "self": 15.566287499996008,
                      "children": [
                        {
                          "name": "UnityEnvironment._generate_step_input",
                          "total": 14.948323899997511,
                          "count": 100001,
                          "is_parallel": true,
                          "self": 14.948323899997511
                        },
                        {
                          "name": "communicator.exchange",
                          "total": 273.81018690000553,
                          "count": 100001,
                          "is_parallel": true,
                          "self": 273.81018690000553
                        },
                        {
                          "name": "batched_step_result_from_proto",
                          "total": 36.41188880001148,
                          "count": 100001,
                          "is_parallel": true,
                          "self": 17.49702289999322,
                          "children": [
                            {
                              "name": "_process_vector_observation",
                              "total": 18.914865900018263,
                              "count": 100001,
                              "is_parallel": true,
                              "self": 18.914865900018263
                            }
                          ]
                        }
                      ]
                    }
                  ]
                }
              ]
            }
          ]
        },
        {
          "name": "update_policy",
          "total": 190.04478570000003,
          "count": 191,
          "self": 140.44614200000103,
          "children": [
            {
              "name": "PPOPolicy.update",
              "total": 49.598643699999016,
              "count": 9174,
              "self": 49.598643699999016
            }
          ]
        }
      ]
    }
  ]
}