{
  "name": "root",
  "gauges": [
    {
      "name": "My Behavior.mean_reward",
      "value": 169.99999819416553,
      "min": 2.0120154887206794,
      "max": 234.19333139186105,
      "count": 47
    }
  ],
  "total": 865.6454137000001,
  "count": 1,
  "self": 40.46382179999489,
  "children": [
    {
      "name": "TrainerController.advance",
      "total": 825.1815919000052,
      "count": 100001,
      "self": 98.32798140001103,
      "children": [
        {
          "name": "env_step",
          "total": 490.00394699999475,
          "count": 100001,
          "self": 418.2836069000141,
          "children": [
            {
              "name": "SubprocessEnvManager._take_step",
              "total": 70.08423679998653,
              "count": 100001,
              "self": 2.9820825999847074,
              "children": [
                {
                  "name": "PPOPolicy.evaluate",
                  "total": 67.10215420000182,
                  "count": 100001,
                  "self": 67.10215420000182
                }
              ]
            },
            {
              "name": "workers",
              "total": 1.636103299994148,
              "count": 100001,
              "self": 0.0,
              "children": [
                {
                  "name": "worker_root",
                  "total": 861.4676312000119,
                  "count": 100001,
                  "is_parallel": true,
                  "self": 528.4359645000119,
                  "children": [
                    {
                      "name": "batched_step_result_from_proto",
                      "total": 0.0005790999999994995,
                      "count": 1,
                      "is_parallel": true,
                      "self": 0.0002468999999987176,
                      "children": [
                        {
                          "name": "_process_vector_observation",
                          "total": 0.00033220000000078187,
                          "count": 1,
                          "is_parallel": true,
                          "self": 0.00033220000000078187
                        }
                      ]
                    },
                    {
                      "name": "UnityEnvironment.step",
                      "total": 333.0310876,
                      "count": 100001,
                      "is_parallel": true,
                      "self": 15.423278699992807,
                      "children": [
                        {
                          "name": "UnityEnvironment._generate_step_input",
                          "total": 15.205852399988796,
                          "count": 100001,
                          "is_parallel": true,
                          "self": 15.205852399988796
                        },
                        {
                          "name": "communicator.exchange",
                          "total": 263.2629636000105,
                          "count": 100001,
                          "is_parallel": true,
                          "self": 263.2629636000105
                        },
                        {
                          "name": "batched_step_result_from_proto",
                          "total": 39.13899290000788,
                          "count": 100001,
                          "is_parallel": true,
                          "self": 17.618679399993706,
                          "children": [
                            {
                              "name": "_process_vector_observation",
                              "total": 21.520313500014172,
                              "count": 100001,
                              "is_parallel": true,
                              "self": 21.520313500014172
                            }
                          ]
                        }
                      ]
                    }
                  ]
                }
              ]
            }
          ]
        },
        {
          "name": "update_policy",
          "total": 236.84966349999945,
          "count": 371,
          "self": 144.60180460000333,
          "children": [
            {
              "name": "PPOPolicy.update",
              "total": 92.24785889999612,
              "count": 36984,
              "self": 92.24785889999612
            }
          ]
        }
      ]
    }
  ]
}