{
  "name": "root",
  "gauges": [
    {
      "name": "My Behavior.mean_reward",
      "value": 109.97499999962747,
      "min": -0.010606060764103226,
      "max": 152.19999999801317,
      "count": 46
    }
  ],
  "total": 855.9464148000001,
  "count": 1,
  "self": 40.11033949997818,
  "children": [
    {
      "name": "TrainerController.advance",
      "total": 815.8360753000219,
      "count": 100001,
      "self": 95.47920980002175,
      "children": [
        {
          "name": "env_step",
          "total": 491.29677060000006,
          "count": 100001,
          "self": 417.92040079999106,
          "children": [
            {
              "name": "SubprocessEnvManager._take_step",
              "total": 71.80339620001178,
              "count": 100001,
              "self": 2.8388604000175945,
              "children": [
                {
                  "name": "PPOPolicy.evaluate",
                  "total": 68.96453579999418,
                  "count": 100001,
                  "self": 68.96453579999418
                }
              ]
            },
            {
              "name": "workers",
              "total": 1.5729735999972352,
              "count": 100001,
              "self": 0.0,
              "children": [
                {
                  "name": "worker_root",
                  "total": 851.8431062999829,
                  "count": 100001,
                  "is_parallel": true,
                  "self": 517.0433467999976,
                  "children": [
                    {
                      "name": "batched_step_result_from_proto",
                      "total": 0.00046770000000062595,
                      "count": 1,
                      "is_parallel": true,
                      "self": 0.00020630000000032567,
                      "children": [
                        {
                          "name": "_process_vector_observation",
                          "total": 0.0002614000000003003,
                          "count": 1,
                          "is_parallel": true,
                          "self": 0.0002614000000003003
                        }
                      ]
                    },
                    {
                      "name": "UnityEnvironment.step",
                      "total": 334.7992917999852,
                      "count": 100001,
                      "is_parallel": true,
                      "self": 14.970754999989538,
                      "children": [
                        {
                          "name": "UnityEnvironment._generate_step_input",
                          "total": 14.42944429999873,
                          "count": 100001,
                          "is_parallel": true,
                          "self": 14.42944429999873
                        },
                        {
                          "name": "communicator.exchange",
                          "total": 266.99464109999576,
                          "count": 100001,
                          "is_parallel": true,
                          "self": 266.99464109999576
                        },
                        {
                          "name": "batched_step_result_from_proto",
                          "total": 38.40445140000115,
                          "count": 100001,
                          "is_parallel": true,
                          "self": 17.14652680000561,
                          "children": [
                            {
                              "name": "_process_vector_observation",
                              "total": 21.25792459999554,
                              "count": 100001,
                              "is_parallel": true,
                              "self": 21.25792459999554
                            }
                          ]
                        }
                      ]
                    }
                  ]
                }
              ]
            }
          ]
        },
        {
          "name": "update_policy",
          "total": 229.0600949000001,
          "count": 372,
          "self": 139.3608750999918,
          "children": [
            {
              "name": "PPOPolicy.update",
              "total": 89.69921980000832,
              "count": 36828,
              "self": 89.69921980000832
            }
          ]
        }
      ]
    }
  ]
}