Steps,Policy/Entropy,Policy/Learning Rate,Policy/Extrinsic Value Estimate,Policy/Extrinsic Reward,Environment/Cumulative Reward,Environment/Episode Length,Losses/Value Loss,Losses/Policy Loss
4986,1.166562,0.00029992522,-12.815315,17.434357366897988,17.43435777342686,85.87224669603525,116.70138,0.02968136
9986,1.1831492,0.00029977545,-7.4200544,20.49498314465117,20.49498314411351,82.72955974842768,54.90053,0.024301551
