{
  "name": "root",
  "gauges": [
    {
      "name": "My Behavior.mean_reward",
      "value": 3.6250001722946763,
      "min": -0.3749999246792868,
      "max": 4.625000093539711,
      "count": 49
    }
  ],
  "total": 611.83345,
  "count": 1,
  "self": 26.692811900002084,
  "children": [
    {
      "name": "TrainerController.advance",
      "total": 585.1406380999979,
      "count": 50001,
      "self": 52.143122899984064,
      "children": [
        {
          "name": "env_step",
          "total": 485.77638660001395,
          "count": 50001,
          "self": 449.96422330000354,
          "children": [
            {
              "name": "SubprocessEnvManager._take_step",
              "total": 34.99799979999757,
              "count": 50001,
              "self": 1.3883458999941283,
              "children": [
                {
                  "name": "PPOPolicy.evaluate",
                  "total": 33.609653900003444,
                  "count": 50001,
                  "self": 33.609653900003444
                }
              ]
            },
            {
              "name": "workers",
              "total": 0.8141635000128424,
              "count": 50001,
              "self": 0.0,
              "children": [
                {
                  "name": "worker_root",
                  "total": 608.1416123000059,
                  "count": 50001,
                  "is_parallel": true,
                  "self": 201.0233676000039,
                  "children": [
                    {
                      "name": "batched_step_result_from_proto",
                      "total": 0.0006024999999993952,
                      "count": 1,
                      "is_parallel": true,
                      "self": 0.0002125999999993411,
                      "children": [
                        {
                          "name": "_process_vector_observation",
                          "total": 0.0003899000000000541,
                          "count": 1,
                          "is_parallel": true,
                          "self": 0.0003899000000000541
                        }
                      ]
                    },
                    {
                      "name": "UnityEnvironment.step",
                      "total": 407.117642200002,
                      "count": 50001,
                      "is_parallel": true,
                      "self": 9.773938799992266,
                      "children": [
                        {
                          "name": "UnityEnvironment._generate_step_input",
                          "total": 7.365703200006318,
                          "count": 50001,
                          "is_parallel": true,
                          "self": 7.365703200006318
                        },
                        {
                          "name": "communicator.exchange",
                          "total": 367.68775270000083,
                          "count": 50001,
                          "is_parallel": true,
                          "self": 367.68775270000083
                        },
                        {
                          "name": "batched_step_result_from_proto",
                          "total": 22.290247500002614,
                          "count": 50001,
                          "is_parallel": true,
                          "self": 8.90630730000785,
                          "children": [
                            {
                              "name": "_process_vector_observation",
                              "total": 13.383940199994765,
                              "count": 50001,
                              "is_parallel": true,
                              "self": 13.383940199994765
                            }
                          ]
                        }
                      ]
                    }
                  ]
                }
              ]
            }
          ]
        },
        {
          "name": "update_policy",
          "total": 47.221128599999844,
          "count": 38,
          "self": 35.444369699998624,
          "children": [
            {
              "name": "PPOPolicy.update",
              "total": 11.77675890000122,
              "count": 1140,
              "self": 11.77675890000122
            }
          ]
        }
      ]
    }
  ]
}