Steps,Policy/Entropy,Policy/Learning Rate,Policy/Extrinsic Value Estimate,Policy/Extrinsic Reward,Environment/Cumulative Reward,Environment/Episode Length
1000,1.7822522,0.0002985015,2.1370106,0.0,0.0,494.0
2000,1.7826635,0.0002955015,2.2033293,-0.6671666666904154,-0.6671666666904154,161.5
3000,1.7726643,0.0002925015,2.7756677,0.5,0.5,175.0
4000,1.7735734,0.00028950154,2.6856782,-0.6002000000094995,-0.6002000000094995,229.6
5000,1.7672387,0.00028650148,2.8145742,-0.6675000000589838,-0.6675000000395812,177.5
6000,1.765125,0.00028350152,2.4159377,-0.33366666668249917,-0.33366666668249917,168.83333333333334
