{
  "name": "root",
  "gauges": [
    {
      "name": "My Behavior.mean_reward",
      "value": 10.165052176959017,
      "min": 4.043464323349033,
      "max": 10.165052176959017,
      "count": 2
    }
  ],
  "total": 117.62201300000001,
  "count": 1,
  "self": 47.40132229999999,
  "children": [
    {
      "name": "TrainerController.advance",
      "total": 70.22069070000002,
      "count": 5233,
      "self": 5.39390350000032,
      "children": [
        {
          "name": "env_step",
          "total": 54.08361069999972,
          "count": 5233,
          "self": 50.46907569999925,
          "children": [
            {
              "name": "SubprocessEnvManager._take_step",
              "total": 3.5234410000002683,
              "count": 5233,
              "self": 0.13588740000045618,
              "children": [
                {
                  "name": "PPOPolicy.evaluate",
                  "total": 3.387553599999812,
                  "count": 5233,
                  "self": 3.387553599999812
                }
              ]
            },
            {
              "name": "workers",
              "total": 0.09109400000019718,
              "count": 5232,
              "self": 0.0,
              "children": [
                {
                  "name": "worker_root",
                  "total": 116.01193629999972,
                  "count": 5232,
                  "is_parallel": true,
                  "self": 70.14257259999953,
                  "children": [
                    {
                      "name": "batched_step_result_from_proto",
                      "total": 0.001382600000006562,
                      "count": 2,
                      "is_parallel": true,
                      "self": 0.0007385999999982573,
                      "children": [
                        {
                          "name": "_process_vector_observation",
                          "total": 0.0006440000000083046,
                          "count": 2,
                          "is_parallel": true,
                          "self": 0.0006440000000083046
                        }
                      ]
                    },
                    {
                      "name": "UnityEnvironment.step",
                      "total": 45.867981100000186,
                      "count": 5232,
                      "is_parallel": true,
                      "self": 0.6216324000009124,
                      "children": [
                        {
                          "name": "UnityEnvironment._generate_step_input",
                          "total": 0.8124039000000138,
                          "count": 5232,
                          "is_parallel": true,
                          "self": 0.8124039000000138
                        },
                        {
                          "name": "communicator.exchange",
                          "total": 42.30322929999957,
                          "count": 5232,
                          "is_parallel": true,
                          "self": 42.30322929999957
                        },
                        {
                          "name": "batched_step_result_from_proto",
                          "total": 2.1307154999996882,
                          "count": 5232,
                          "is_parallel": true,
                          "self": 1.0225832999996456,
                          "children": [
                            {
                              "name": "_process_vector_observation",
                              "total": 1.1081322000000426,
                              "count": 5232,
                              "is_parallel": true,
                              "self": 1.1081322000000426
                            }
                          ]
                        }
                      ]
                    }
                  ]
                }
              ]
            }
          ]
        },
        {
          "name": "update_policy",
          "total": 10.743176499999983,
          "count": 9,
          "self": 7.725385400000086,
          "children": [
            {
              "name": "PPOPolicy.update",
              "total": 3.017791099999897,
              "count": 432,
              "self": 3.017791099999897
            }
          ]
        }
      ]
    }
  ]
}