Steps,Policy/Entropy,Policy/Learning Rate,Environment/Lesson,Policy/Extrinsic Value Estimate,Policy/Extrinsic Reward,Environment/Cumulative Reward,Environment/Episode Length,Losses/Value Loss,Losses/Policy Loss
2000,1.0658196,0.00029992504,0.0,-15.733363,4.043463865390058,4.043464323349033,166.58620689655172,82.66146,0.033557963
4000,1.1127628,0.00029977507,0.0935,-12.972565,9.892615672495925,10.165052176959017,179.23863636363637,39.418617,0.032842282
