{
  "name": "root",
  "total": 64.752272,
  "count": 1,
  "self": 64.752272
}