{"count":1,"gauges":{},"self":35.9351072,"total":36.875015999999995,"children":{"AgentResetIfDone":{"count":660,"self":0.002006,"total":0.002006,"children":null},"AgentSendState":{"count":660,"self":0.0090315,"total":0.0130463,"children":{"CollectObservations":{"count":660,"self":0.0040148,"total":0.0040148,"children":null}}},"DecideAction":{"count":660,"self":0.9087995,"total":0.9087995,"children":null},"AcademyStep":{"count":660,"self":0.0060237999999999993,"total":0.0060237999999999993,"children":null},"AgentAct":{"count":660,"self":0.0100346,"total":0.0100346,"children":null}}}