{"count":1,"gauges":{},"self":39.452860799999996,"total":40.7754991,"children":{"AgentResetIfDone":{"count":1109,"self":0.0009816,"total":0.0009816,"children":null},"AgentSendState":{"count":1109,"self":0.0029519,"total":0.0089068999999999988,"children":{"CollectObservations":{"count":1109,"self":0.0059549999999999994,"total":0.0059549999999999994,"children":null}}},"DecideAction":{"count":1109,"self":1.3017451,"total":1.3017451,"children":null},"AcademyStep":{"count":1109,"self":0.0030028,"total":0.0030028,"children":null},"AgentAct":{"count":1109,"self":0.0080019,"total":0.0080019,"children":null}}}