{"count":1,"gauges":{},"self":22.890704,"total":22.9237885,"children":{"AgentResetIfDone":{"count":1115,"self":0.0030183,"total":0.0030183,"children":null},"AgentSendState":{"count":1115,"self":0.0050075,"total":0.0120326,"children":{"CollectObservations":{"count":1115,"self":0.0070250999999999994,"total":0.0070250999999999994,"children":null}}},"DecideAction":{"count":1115,"self":0.0040141,"total":0.0040141,"children":null},"AcademyStep":{"count":1115,"self":0.0079992999999999991,"total":0.0079992999999999991,"children":null},"AgentAct":{"count":1115,"self":0.0040135,"total":0.0040135,"children":null}}}