{"count":1,"gauges":{},"self":181.62836479999999,"total":194.5166821,"children":{"AgentResetIfDone":{"count":9117,"self":0.0275859,"total":0.0275859,"children":null},"AgentSendState":{"count":9117,"self":0.0711252,"total":0.0962035,"children":{"CollectObservations":{"count":9117,"self":0.025078299999999998,"total":0.025078299999999998,"children":null}}},"DecideAction":{"count":9117,"self":12.5648656,"total":12.564866,"children":null},"AcademyStep":{"count":9117,"self":0.0662672,"total":0.0662672,"children":null},"AgentAct":{"count":9117,"self":0.1323894,"total":0.1323894,"children":null}}}