{"count":1,"gauges":{},"self":36.976752,"total":37.9515114,"children":{"AgentResetIfDone":{"count":1893,"self":0.055357199999999995,"total":0.055357199999999995,"children":null},"AgentSendState":{"count":1893,"self":0.0054597,"total":0.0074544999999999993,"children":{"CollectObservations":{"count":1893,"self":0.0019947999999999997,"total":0.0019947999999999997,"children":null}}},"DecideAction":{"count":1893,"self":0.8929971,"total":0.8929971,"children":null},"AcademyStep":{"count":1893,"self":0.0089769999999999989,"total":0.0089769999999999989,"children":null},"AgentAct":{"count":1893,"self":0.0089765,"total":0.0089765,"children":null}}}