{"count":1,"gauges":{},"self":134.3594368,"total":141.5407892,"children":{"AgentResetIfDone":{"count":6065,"self":0.010522799999999999,"total":0.010522799999999999,"children":null},"AgentSendState":{"count":6065,"self":0.035813,"total":0.046910099999999996,"children":{"CollectObservations":{"count":6065,"self":0.011097099999999999,"total":0.011097099999999999,"children":null}}},"DecideAction":{"count":6065,"self":7.0566999999999993,"total":7.0567001,"children":null},"AcademyStep":{"count":6065,"self":0.0170209,"total":0.0170209,"children":null},"AgentAct":{"count":6065,"self":0.0492038,"total":0.0492038,"children":null}}}