{"count":1,"gauges":{},"self":47.9523392,"total":50.111018699999995,"children":{"AgentResetIfDone":{"count":1586,"self":0.0040135,"total":0.0040135,"children":null},"AgentSendState":{"count":1586,"self":0.010033499999999999,"total":0.0140638,"children":{"CollectObservations":{"count":1586,"self":0.0040303,"total":0.0040303,"children":null}}},"DecideAction":{"count":1586,"self":2.0994276,"total":2.0994275,"children":null},"AcademyStep":{"count":1586,"self":0.013038399999999999,"total":0.013038399999999999,"children":null},"AgentAct":{"count":1586,"self":0.026130499999999997,"total":0.026130499999999997,"children":null}}}