{"count":1,"gauges":{},"self":33.2591232,"total":35.611610399999996,"children":{"AgentResetIfDone":{"count":1761,"self":0.0039704,"total":0.0039704,"children":null},"AgentSendState":{"count":1761,"self":0.053435899999999995,"total":0.0996936,"children":{"CollectObservations":{"count":14088,"self":0.0462577,"total":0.0462577,"children":null}}},"DecideAction":{"count":1761,"self":2.2108518,"total":2.2108518,"children":null},"AcademyStep":{"count":1761,"self":0.0079709,"total":0.0079709,"children":null},"AgentAct":{"count":1761,"self":0.0280007,"total":0.0280007,"children":null}}}