{"count":1,"gauges":{},"self":57.030489599999996,"total":57.0852114,"children":{"AgentResetIfDone":{"count":2821,"self":0.0075419999999999992,"total":0.0075419999999999992,"children":null},"AgentSendState":{"count":2821,"self":0.012546,"total":0.021574899999999998,"children":{"CollectObservations":{"count":2821,"self":0.0090289,"total":0.0090289,"children":null}}},"DecideAction":{"count":2821,"self":0.0120389,"total":0.0120389,"children":null},"AcademyStep":{"count":2821,"self":0.0050163,"total":0.0050163,"children":null},"AgentAct":{"count":2821,"self":0.0065412,"total":0.0065412,"children":null}}}