{"count":1,"gauges":{},"self":22.6651152,"total":24.279612,"children":{"AgentResetIfDone":{"count":1203,"self":0.0030092,"total":0.0030092,"children":null},"AgentSendState":{"count":1203,"self":0.0123068,"total":0.0143132,"children":{"CollectObservations":{"count":1203,"self":0.0020063999999999998,"total":0.0020063999999999998,"children":null}}},"DecideAction":{"count":1203,"self":1.5821273999999999,"total":1.5821273999999999,"children":null},"AcademyStep":{"count":1203,"self":0.0030099999999999997,"total":0.0030099999999999997,"children":null},"AgentAct":{"count":1203,"self":0.0110342,"total":0.0110342,"children":null}}}