{"count":1,"gauges":{},"self":10.2883104,"total":11.1361783,"children":{"AgentResetIfDone":{"count":518,"self":0.0050066999999999993,"total":0.0050066999999999993,"children":null},"AgentSendState":{"count":518,"self":0.029991499999999997,"total":0.043994599999999995,"children":{"CollectObservations":{"count":4144,"self":0.0140031,"total":0.0140031,"children":null}}},"DecideAction":{"count":518,"self":0.7768879,"total":0.7768879,"children":null},"AcademyStep":{"count":518,"self":0.0040092,"total":0.0040092,"children":null},"AgentAct":{"count":518,"self":0.016968999999999998,"total":0.016968999999999998,"children":null}}}