{"count":1,"gauges":{},"self":69.3717312,"total":73.9644733,"children":{"AgentResetIfDone":{"count":3487,"self":0.0128305,"total":0.0128305,"children":null},"AgentSendState":{"count":3487,"self":0.0227858,"total":0.0326992,"children":{"CollectObservations":{"count":3487,"self":0.0099134,"total":0.0099134,"children":null}}},"DecideAction":{"count":3487,"self":4.5091763999999994,"total":4.5091763999999994,"children":null},"AcademyStep":{"count":3487,"self":0.012036499999999999,"total":0.012036499999999999,"children":null},"AgentAct":{"count":3487,"self":0.025998399999999998,"total":0.025998399999999998,"children":null}}}