{"count":1,"gauges":{},"self":12.4009472,"total":13.7592506,"children":{"AgentResetIfDone":{"count":674,"self":0.15283819999999998,"total":0.15283819999999998,"children":null},"AgentSendState":{"count":674,"self":0.0409323,"total":0.0749218,"children":{"CollectObservations":{"count":5392,"self":0.0339895,"total":0.0339895,"children":null}}},"DecideAction":{"count":674,"self":1.1055169999999999,"total":1.1055169999999999,"children":null},"AcademyStep":{"count":674,"self":0.0059681,"total":0.0059681,"children":null},"AgentAct":{"count":674,"self":0.018064,"total":0.018064,"children":null}}}