{"count":1,"gauges":{},"self":5.6550823999999995,"total":41.2185657,"children":{"AgentResetIfDone":{"count":8784,"self":0.1383375,"total":0.1383375,"children":null},"AgentSendState":{"count":8784,"self":0.3887775,"total":0.5162122,"children":{"CollectObservations":{"count":8784,"self":0.12743469999999998,"total":0.12743469999999998,"children":null}}},"DecideAction":{"count":8784,"self":34.4066816,"total":34.6862316,"children":{"AgentInfo.ToProto":{"count":8784,"self":0.27954999999999997,"total":0.27954999999999997,"children":null}}},"AcademyStep":{"count":8784,"self":0.085324699999999989,"total":0.085324699999999989,"children":null},"AgentAct":{"count":8784,"self":0.1363741,"total":0.1363741,"children":null}}}