{"count":1,"gauges":{},"self":90.48851839999999,"total":92.3616693,"children":{"AgentResetIfDone":{"count":4564,"self":0.0276269,"total":0.0276269,"children":null},"AgentSendState":{"count":4564,"self":0.082692099999999991,"total":0.3236397,"children":{"CollectObservations":{"count":7304,"self":0.24094759999999998,"total":0.24094759999999998,"children":null}}},"DecideAction":{"count":4564,"self":1.4306413,"total":1.4306413,"children":null},"AcademyStep":{"count":4564,"self":0.019114799999999998,"total":0.019114799999999998,"children":null},"AgentAct":{"count":4564,"self":0.0661007,"total":0.0661007,"children":null}}}