{"count":1,"gauges":{},"self":63.7727424,"total":67.613406799999993,"children":{"AgentResetIfDone":{"count":2908,"self":0.0150497,"total":0.0150497,"children":null},"AgentSendState":{"count":2908,"self":0.0355789,"total":0.052641099999999996,"children":{"CollectObservations":{"count":2759,"self":0.0170622,"total":0.0170622,"children":null}}},"DecideAction":{"count":2908,"self":3.7027288,"total":3.7027288,"children":null},"AcademyStep":{"count":2908,"self":0.0200987,"total":0.0200987,"children":null},"AgentAct":{"count":2908,"self":0.0491452,"total":0.0491452,"children":null}}}