{"count":1,"gauges":{},"self":87.9982656,"total":94.676196499999989,"children":{"AgentResetIfDone":{"count":4700,"self":0.009900599999999999,"total":0.009900599999999999,"children":null},"AgentSendState":{"count":4700,"self":0.0365328,"total":0.0504448,"children":{"CollectObservations":{"count":4700,"self":0.013911999999999999,"total":0.013911999999999999,"children":null}}},"DecideAction":{"count":4700,"self":6.5043912,"total":6.5043913,"children":null},"AcademyStep":{"count":4700,"self":0.0290611,"total":0.0290611,"children":null},"AgentAct":{"count":4700,"self":0.08213319999999999,"total":0.08213319999999999,"children":null}}}