{"count":1,"gauges":{},"self":22.912654399999997,"total":24.5404889,"children":{"AgentResetIfDone":{"count":1187,"self":0.002006,"total":0.002006,"children":null},"AgentSendState":{"count":1187,"self":0.013041599999999999,"total":0.01806,"children":{"CollectObservations":{"count":1187,"self":0.0050184,"total":0.0050184,"children":null}}},"DecideAction":{"count":1187,"self":1.5881793,"total":1.5881793,"children":null},"AcademyStep":{"count":1187,"self":0.0065362,"total":0.0065362,"children":null},"AgentAct":{"count":1187,"self":0.011037499999999999,"total":0.011037499999999999,"children":null}}}