{"count":1,"gauges":{},"self":12.6428064,"total":12.904677099999999,"children":{"AgentResetIfDone":{"count":628,"self":0.0179525,"total":0.0179525,"children":null},"AgentSendState":{"count":628,"self":0.0029922,"total":0.0039894,"children":{"CollectObservations":{"count":628,"self":0.0009972,"total":0.0009972,"children":null}}},"DecideAction":{"count":628,"self":0.22895649999999998,"total":0.22895649999999998,"children":null},"AcademyStep":{"count":628,"self":0.0039901,"total":0.0039901,"children":null},"AgentAct":{"count":628,"self":0.0059849,"total":0.0059849,"children":null}}}