{"count":1,"gauges":{},"self":8921.440256,"total":9108.4048432,"children":{"AgentResetIfDone":{"count":455355,"self":0.530187,"total":0.530187,"children":null},"AgentSendState":{"count":455355,"self":1.013086,"total":1.2989636999999998,"children":{"CollectObservations":{"count":455355,"self":0.2858777,"total":0.2858777,"children":null}}},"DecideAction":{"count":455355,"self":165.0730752,"total":165.07307079999998,"children":null},"AcademyStep":{"count":455355,"self":3.127802,"total":3.127802,"children":null},"AgentAct":{"count":455355,"self":16.933324799999998,"total":16.9333253,"children":null}}}