{"count":1,"gauges":{},"self":11.176368799999999,"total":12.1479675,"children":{"AgentResetIfDone":{"count":598,"self":0.0019847,"total":0.0019847,"children":null},"AgentSendState":{"count":598,"self":0.0029957,"total":0.005986,"children":{"CollectObservations":{"count":598,"self":0.0029903,"total":0.0029903,"children":null}}},"DecideAction":{"count":598,"self":0.9416059,"total":0.9416059,"children":null},"AcademyStep":{"count":598,"self":0.011019399999999999,"total":0.011019399999999999,"children":null},"AgentAct":{"count":598,"self":0.0090049,"total":0.0090049,"children":null}}}