{"count":1,"gauges":{},"self":52.389599999999994,"total":54.4297645,"children":{"AgentResetIfDone":{"count":1709,"self":0.0029400999999999997,"total":0.0029400999999999997,"children":null},"AgentSendState":{"count":1709,"self":0.0114215,"total":0.0134272,"children":{"CollectObservations":{"count":1709,"self":0.0020057,"total":0.0020057,"children":null}}},"DecideAction":{"count":1709,"self":2.0020653999999998,"total":2.0020653999999998,"children":null},"AcademyStep":{"count":1709,"self":0.0059977,"total":0.0059977,"children":null},"AgentAct":{"count":1709,"self":0.0137361,"total":0.0137361,"children":null}}}