{"count":1,"gauges":{},"self":53.3914912,"total":53.439264699999995,"children":{"AgentResetIfDone":{"count":2656,"self":0.0049526,"total":0.0049526,"children":null},"AgentSendState":{"count":2656,"self":0.0129126,"total":0.0188849,"children":{"CollectObservations":{"count":2656,"self":0.0059723,"total":0.0059723,"children":null}}},"DecideAction":{"count":2656,"self":0.0079788999999999988,"total":0.0079788999999999988,"children":null},"AcademyStep":{"count":2656,"self":0.0029828,"total":0.0029828,"children":null},"AgentAct":{"count":2656,"self":0.010975799999999999,"total":0.010975799999999999,"children":null}}}