{"count":1,"gauges":{},"self":318.6062336,"total":339.25332399999996,"children":{"AgentResetIfDone":{"count":16388,"self":0.0353942,"total":0.0353942,"children":null},"AgentSendState":{"count":16388,"self":0.11316599999999999,"total":0.14709339999999999,"children":{"CollectObservations":{"count":16388,"self":0.033927399999999996,"total":0.033927399999999996,"children":null}}},"DecideAction":{"count":16388,"self":20.29272,"total":20.292719599999998,"children":null},"AcademyStep":{"count":16388,"self":0.0551203,"total":0.0551203,"children":null},"AgentAct":{"count":16388,"self":0.11676979999999999,"total":0.11676979999999999,"children":null}}}