{"count":1,"gauges":{},"self":86.5640384,"total":86.6521516,"children":{"AgentResetIfDone":{"count":4298,"self":0.0113184,"total":0.0113184,"children":null},"AgentSendState":{"count":4298,"self":0.019073899999999998,"total":0.033121,"children":{"CollectObservations":{"count":4298,"self":0.0140471,"total":0.0140471,"children":null}}},"DecideAction":{"count":4298,"self":0.017067799999999998,"total":0.017067799999999998,"children":null},"AcademyStep":{"count":4298,"self":0.0115547,"total":0.0115547,"children":null},"AgentAct":{"count":4298,"self":0.013042999999999999,"total":0.013042999999999999,"children":null}}}