{"count":1,"gauges":{},"self":656.37995519999993,"total":4916.3938548,"children":{"AgentResetIfDone":{"count":1000084,"self":15.8757776,"total":15.8757775,"children":null},"AgentSendState":{"count":1000084,"self":43.8377888,"total":58.7254449,"children":{"CollectObservations":{"count":1000084,"self":14.887656,"total":14.8876554,"children":null}}},"DecideAction":{"count":1000084,"self":4125.7926656,"total":4159.4327677,"children":{"AgentInfo.ToProto":{"count":1000084,"self":33.6399232,"total":33.6399245,"children":null}}},"AcademyStep":{"count":1000084,"self":9.3392096,"total":9.3392094999999991,"children":null},"AgentAct":{"count":1000084,"self":16.6396864,"total":16.639687,"children":null}}}