{"count":1,"gauges":{},"self":21.780216,"total":22.2229882,"children":{"AgentResetIfDone":{"count":12019,"self":0.085936699999999991,"total":0.085936699999999991,"children":null},"AgentSendState":{"count":12019,"self":0.0879687,"total":0.0879687,"children":null},"DecideAction":{"count":12019,"self":0.088924599999999993,"total":0.088924599999999993,"children":null},"AcademyStep":{"count":12019,"self":0.0889669,"total":0.0889669,"children":null},"AgentAct":{"count":12019,"self":0.09097559999999999,"total":0.09097559999999999,"children":null}}}