{"count":1,"gauges":{},"self":94.0428992,"total":360.8261222,"children":{"AgentResetIfDone":{"count":113736,"self":62.2506048,"total":62.250606999999995,"children":null},"AgentSendState":{"count":113736,"self":2.9996831999999998,"total":4.2143337,"children":{"CollectObservations":{"count":113736,"self":1.2146506,"total":1.2146506,"children":null}}},"DecideAction":{"count":113736,"self":109.3805824,"total":159.03479,"children":{"AgentInfo.ToProto":{"count":14217,"self":49.6542016,"total":49.6542027,"children":null}}},"AcademyStep":{"count":113736,"self":0.7197908,"total":0.7197908,"children":null},"AgentAct":{"count":113736,"self":40.5637024,"total":40.5637036,"children":null}}}