{"count":1,"gauges":{},"self":46.9039808,"total":48.1179464,"children":{"AgentResetIfDone":{"count":2397,"self":0,"total":0,"children":null},"AgentSendState":{"count":2397,"self":0.0044978,"total":0.0054951999999999996,"children":{"CollectObservations":{"count":2397,"self":0.00099739999999999985,"total":0.00099739999999999985,"children":null}}},"DecideAction":{"count":2397,"self":1.1805416,"total":1.1805416,"children":null},"AcademyStep":{"count":2397,"self":0.0069831999999999993,"total":0.0069831999999999993,"children":null},"AgentAct":{"count":2397,"self":0.019949099999999997,"total":0.019949099999999997,"children":null}}}