{"count":1,"gauges":{},"self":164.8290816,"total":166.94492029999998,"children":{"AgentResetIfDone":{"count":5112,"self":0.0015053999999999998,"total":0.0015053999999999998,"children":null},"AgentSendState":{"count":5112,"self":0.0029920999999999997,"total":0.0039895,"children":{"CollectObservations":{"count":5112,"self":0.00099739999999999985,"total":0.00099739999999999985,"children":null}}},"DecideAction":{"count":5112,"self":2.0504987999999997,"total":2.0504987,"children":null},"AcademyStep":{"count":5112,"self":0.0199505,"total":0.0199505,"children":null},"AgentAct":{"count":5112,"self":0.0389,"total":0.0389,"children":null}}}