{"count":1,"gauges":{},"self":5.6360312,"total":15.2807927,"children":{"AgentResetIfDone":{"count":1117,"self":0.6408172,"total":0.6408172,"children":null},"AgentSendState":{"count":1117,"self":0.1820736,"total":0.2881912,"children":{"CollectObservations":{"count":8936,"self":0.10611759999999999,"total":0.10611759999999999,"children":null}}},"DecideAction":{"count":1117,"self":8.5657152,"total":8.6687549,"children":{"AgentInfo.ToProto":{"count":1117,"self":0.1030393,"total":0.1030393,"children":null}}},"AcademyStep":{"count":1117,"self":0.0070098,"total":0.0070098,"children":null},"AgentAct":{"count":1117,"self":0.0389886,"total":0.0389886,"children":null}}}