{"count":1,"gauges":{},"self":1042.3667712,"total":1082.3832438,"children":{"AgentResetIfDone":{"count":31808,"self":0.0543422,"total":0.0543422,"children":null},"AgentSendState":{"count":31808,"self":0.1963628,"total":0.2393204,"children":{"CollectObservations":{"count":31808,"self":0.0429576,"total":0.0429576,"children":null}}},"DecideAction":{"count":31808,"self":39.3667168,"total":39.366717799999996,"children":null},"AcademyStep":{"count":31808,"self":0.118339,"total":0.118339,"children":null},"AgentAct":{"count":31808,"self":0.23778929999999998,"total":0.23778929999999998,"children":null}}}