{"count":1,"gauges":{},"self":810.4103424,"total":829.8394801,"children":{"AgentResetIfDone":{"count":14571,"self":0.0626786,"total":0.0626786,"children":null},"AgentSendState":{"count":14571,"self":0.18090799999999999,"total":0.2364422,"children":{"CollectObservations":{"count":14571,"self":0.0555342,"total":0.0555342,"children":null}}},"DecideAction":{"count":14571,"self":18.8932096,"total":18.8932097,"children":null},"AcademyStep":{"count":14571,"self":0.076986699999999991,"total":0.076986699999999991,"children":null},"AgentAct":{"count":14571,"self":0.1578147,"total":0.1578147,"children":null}}}