{"count":1,"gauges":{},"self":82.3178688,"total":83.2210805,"children":{"AgentResetIfDone":{"count":4146,"self":0.011969899999999999,"total":0.011969899999999999,"children":null},"AgentSendState":{"count":4146,"self":0.039873,"total":0.1296386,"children":{"CollectObservations":{"count":6640,"self":0.0897656,"total":0.0897656,"children":null}}},"DecideAction":{"count":4146,"self":0.7446505,"total":0.7446505,"children":null},"AcademyStep":{"count":4146,"self":0.005984,"total":0.005984,"children":null},"AgentAct":{"count":4146,"self":0.0109716,"total":0.0109716,"children":null}}}