{"count":1,"gauges":{},"self":16.4639792,"total":17.6028177,"children":{"AgentResetIfDone":{"count":812,"self":0.0050174999999999994,"total":0.0050174999999999994,"children":null},"AgentSendState":{"count":812,"self":0.0150497,"total":0.0220704,"children":{"CollectObservations":{"count":812,"self":0.0070206999999999995,"total":0.0070206999999999995,"children":null}}},"DecideAction":{"count":812,"self":1.0936918,"total":1.0936918,"children":null},"AcademyStep":{"count":812,"self":0.0080248,"total":0.0080248,"children":null},"AgentAct":{"count":812,"self":0.0080264999999999989,"total":0.0080264999999999989,"children":null}}}