{"count":1,"gauges":{},"self":6.2264024,"total":6.4318748999999995,"children":{"AgentResetIfDone":{"count":316,"self":0,"total":0,"children":null},"AgentSendState":{"count":316,"self":0.0019947999999999997,"total":0.0079787,"children":{"CollectObservations":{"count":2528,"self":0.0059838999999999995,"total":0.0059838999999999995,"children":null}}},"DecideAction":{"count":316,"self":0.1795386,"total":0.1795386,"children":null},"AcademyStep":{"count":316,"self":0.0039908,"total":0.0039908,"children":null},"AgentAct":{"count":316,"self":0.012967,"total":0.012967,"children":null}}}