{"count":1,"gauges":{},"self":8.9088608,"total":9.5307309,"children":{"AgentResetIfDone":{"count":391,"self":0.0010000999999999999,"total":0.0010000999999999999,"children":null},"AgentSendState":{"count":391,"self":0.0030069,"total":0.0050060999999999994,"children":{"CollectObservations":{"count":391,"self":0.0019992,"total":0.0019992,"children":null}}},"DecideAction":{"count":391,"self":0.6108593,"total":0.6108593,"children":null},"AcademyStep":{"count":391,"self":0,"total":0,"children":null},"AgentAct":{"count":391,"self":0.0040054,"total":0.0040054,"children":null}}}
