{"count":1,"gauges":{},"self":92.222566399999991,"total":98.856957999999992,"children":{"AgentResetIfDone":{"count":4922,"self":0.0087514999999999989,"total":0.0087514999999999989,"children":null},"AgentSendState":{"count":4922,"self":0.0339371,"total":0.0449569,"children":{"CollectObservations":{"count":4922,"self":0.0110198,"total":0.0110198,"children":null}}},"DecideAction":{"count":4922,"self":6.4988372,"total":6.4988370999999994,"children":null},"AcademyStep":{"count":4922,"self":0.0240754,"total":0.0240754,"children":null},"AgentAct":{"count":4922,"self":0.0567661,"total":0.0567661,"children":null}}}