{"count":1,"gauges":{},"self":170.0838528,"total":183.52653039999998,"children":{"AgentResetIfDone":{"count":8361,"self":0.0218619,"total":0.0218619,"children":null},"AgentSendState":{"count":8361,"self":0.058497,"total":0.0823011,"children":{"CollectObservations":{"count":8361,"self":0.023804099999999998,"total":0.023804099999999998,"children":null}}},"DecideAction":{"count":8361,"self":13.0684208,"total":13.068420999999999,"children":null},"AcademyStep":{"count":8361,"self":0.089999,"total":0.089999,"children":null},"AgentAct":{"count":8361,"self":0.18009029999999998,"total":0.18009029999999998,"children":null}}}