{"count":1,"gauges":{},"self":31.3305792,"total":245.0987807,"children":{"AgentResetIfDone":{"count":50017,"self":0.70416919999999994,"total":0.70416919999999994,"children":null},"AgentSendState":{"count":50017,"self":2.1898611999999997,"total":2.9268615,"children":{"CollectObservations":{"count":50017,"self":0.7370004,"total":0.7370004,"children":null}}},"DecideAction":{"count":50017,"self":207.2541312,"total":208.8480663,"children":{"AgentInfo.ToProto":{"count":50017,"self":1.5939345999999999,"total":1.5939345999999999,"children":null}}},"AcademyStep":{"count":50017,"self":0.4825911,"total":0.4825911,"children":null},"AgentAct":{"count":50017,"self":0.8045049,"total":0.8045049,"children":null}}}