{"count":1,"gauges":{},"self":188.52433919999999,"total":199.2718793,"children":{"AgentResetIfDone":{"count":9830,"self":0.013238199999999999,"total":0.013238199999999999,"children":null},"AgentSendState":{"count":9830,"self":0.074725,"total":0.099967099999999989,"children":{"CollectObservations":{"count":8104,"self":0.0252421,"total":0.0252421,"children":null}}},"DecideAction":{"count":9830,"self":10.4786136,"total":10.4786133,"children":null},"AcademyStep":{"count":9830,"self":0.0552116,"total":0.0552116,"children":null},"AgentAct":{"count":9830,"self":0.10051249999999999,"total":0.10051249999999999,"children":null}}}