{"count":1,"gauges":{},"self":9.7585488,"total":10.6772692,"children":{"AgentResetIfDone":{"count":493,"self":0.010960899999999999,"total":0.010960899999999999,"children":null},"AgentSendState":{"count":493,"self":0.0549973,"total":0.0921114,"children":{"CollectObservations":{"count":3944,"self":0.0371141,"total":0.0371141,"children":null}}},"DecideAction":{"count":493,"self":0.794613,"total":0.794613,"children":null},"AcademyStep":{"count":493,"self":0.0049756,"total":0.0049756,"children":null},"AgentAct":{"count":493,"self":0.0150587,"total":0.0150587,"children":null}}}