{"count":1,"gauges":{},"self":34.9476736,"total":36.5571566,"children":{"AgentResetIfDone":{"count":1328,"self":0.0049606,"total":0.0049606,"children":null},"AgentSendState":{"count":1328,"self":0.0069758999999999993,"total":0.0089754,"children":{"CollectObservations":{"count":1328,"self":0.0019995,"total":0.0019995,"children":null}}},"DecideAction":{"count":1328,"self":1.5785624999999999,"total":1.5785624999999999,"children":null},"AcademyStep":{"count":1328,"self":0.0049955999999999993,"total":0.0049955999999999993,"children":null},"AgentAct":{"count":1328,"self":0.0099811999999999991,"total":0.0099811999999999991,"children":null}}}