{"count":1,"gauges":{},"self":48.3731904,"total":51.901117299999996,"children":{"AgentResetIfDone":{"count":2577,"self":0.0032911999999999998,"total":0.0032911999999999998,"children":null},"AgentSendState":{"count":2577,"self":0.0191283,"total":0.029161399999999997,"children":{"CollectObservations":{"count":2577,"self":0.0100331,"total":0.0100331,"children":null}}},"DecideAction":{"count":2577,"self":3.4483148,"total":3.4483148999999997,"children":null},"AcademyStep":{"count":2577,"self":0.017059599999999998,"total":0.017059599999999998,"children":null},"AgentAct":{"count":2577,"self":0.0280941,"total":0.0280941,"children":null}}}