{"count":1,"gauges":{},"self":34.727136,"total":37.202604799999996,"children":{"AgentResetIfDone":{"count":1368,"self":0.0069619999999999994,"total":0.0069619999999999994,"children":null},"AgentSendState":{"count":1368,"self":0.0119466,"total":0.012946299999999999,"children":{"CollectObservations":{"count":1368,"self":0.00099969999999999985,"total":0.00099969999999999985,"children":null}}},"DecideAction":{"count":1368,"self":2.4305876,"total":2.4305877,"children":null},"AcademyStep":{"count":1368,"self":0.0049984,"total":0.0049984,"children":null},"AgentAct":{"count":1368,"self":0.019975299999999998,"total":0.019975299999999998,"children":null}}}