{"count":1,"gauges":{},"self":191.6602752,"total":202.3886971,"children":{"AgentResetIfDone":{"count":10099,"self":0.1206805,"total":0.1206805,"children":null},"AgentSendState":{"count":10099,"self":0.0289251,"total":0.0339119,"children":{"CollectObservations":{"count":10099,"self":0.0049867999999999996,"total":0.0049867999999999996,"children":null}}},"DecideAction":{"count":10099,"self":10.474085599999999,"total":10.4740858,"children":null},"AcademyStep":{"count":10099,"self":0.0019951,"total":0.0019951,"children":null},"AgentAct":{"count":10099,"self":0.096748199999999993,"total":0.096748199999999993,"children":null}}}
