{"count":1,"gauges":{},"self":62.7251328,"total":64.7177952,"children":{"AgentResetIfDone":{"count":33501,"self":0.48788689999999996,"total":0.48788689999999996,"children":null},"AgentSendState":{"count":33501,"self":0.5834649,"total":1.5037741999999998,"children":{"CollectObservations":{"count":33501,"self":0.9203093,"total":0.9203093,"children":null}}}}}