{"count":1,"gauges":{},"self":135.31837439999998,"total":732.9290712,"children":{"AgentResetIfDone":{"count":238136,"self":307.4089984,"total":307.4090032,"children":null},"AgentSendState":{"count":238136,"self":6.0305024,"total":8.6941192999999988,"children":{"CollectObservations":{"count":238136,"self":2.6636168,"total":2.6636167,"children":null}}},"DecideAction":{"count":238136,"self":220.1640448,"total":222.04750429999999,"children":{"AgentInfo.ToProto":{"count":29767,"self":1.8834468,"total":1.8834468999999998,"children":null}}},"AcademyStep":{"count":238136,"self":1.4211422999999999,"total":1.4211422999999999,"children":null},"AgentAct":{"count":238136,"self":58.03792,"total":58.0379222,"children":null}}}