{"count":1,"gauges":{},"self":40.3004672,"total":43.4035207,"children":{"AgentResetIfDone":{"count":2130,"self":0.0055176,"total":0.0055176,"children":null},"AgentSendState":{"count":2130,"self":0.1031338,"total":0.1597814,"children":{"CollectObservations":{"count":17040,"self":0.0566476,"total":0.0566476,"children":null}}},"DecideAction":{"count":2130,"self":2.8429599999999997,"total":2.8429599,"children":null},"AcademyStep":{"count":2130,"self":0.0210692,"total":0.0210692,"children":null},"AgentAct":{"count":2130,"self":0.072720899999999991,"total":0.072720899999999991,"children":null}}}