{"count":1,"gauges":{},"self":31.1717856,"total":73.978550599999991,"children":{"AgentResetIfDone":{"count":5251,"self":1.9844519999999999,"total":1.9844518999999998,"children":null},"AgentSendState":{"count":5251,"self":0.95686189999999993,"total":1.453946,"children":{"CollectObservations":{"count":42008,"self":0.4970841,"total":0.4970841,"children":null}}},"DecideAction":{"count":5251,"self":38.620976,"total":39.080900899999996,"children":{"AgentInfo.ToProto":{"count":5251,"self":0.45992489999999997,"total":0.45992489999999997,"children":null}}},"AcademyStep":{"count":5251,"self":0.044004,"total":0.044004,"children":null},"AgentAct":{"count":5251,"self":0.24246399999999999,"total":0.24246399999999999,"children":null}}}