{"count":1,"gauges":{},"self":292.0989696,"total":316.6121485,"children":{"AgentResetIfDone":{"count":15371,"self":0.0444371,"total":0.0444371,"children":null},"AgentSendState":{"count":15371,"self":0.13967749999999998,"total":0.1735348,"children":{"CollectObservations":{"count":15371,"self":0.0338573,"total":0.0338573,"children":null}}},"DecideAction":{"count":15371,"self":24.1241488,"total":24.124148599999998,"children":null},"AcademyStep":{"count":15371,"self":0.053909599999999995,"total":0.053909599999999995,"children":null},"AgentAct":{"count":15371,"self":0.11713699999999999,"total":0.11713699999999999,"children":null}}}