{"count":1,"gauges":{},"self":21.1859488,"total":22.5381251,"children":{"AgentResetIfDone":{"count":978,"self":0.0010031999999999999,"total":0.0010031999999999999,"children":null},"AgentSendState":{"count":978,"self":0.0090615,"total":0.013075699999999999,"children":{"CollectObservations":{"count":978,"self":0.0040142,"total":0.0040142,"children":null}}},"DecideAction":{"count":978,"self":1.3140237,"total":1.3140237,"children":null},"AcademyStep":{"count":978,"self":0.0080254,"total":0.0080254,"children":null},"AgentAct":{"count":978,"self":0.0130388,"total":0.0130388,"children":null}}}