{"count":1,"gauges":{},"self":24.060035199999998,"total":25.0939211,"children":{"AgentResetIfDone":{"count":844,"self":0.0040130999999999995,"total":0.0040130999999999995,"children":null},"AgentSendState":{"count":844,"self":0.0060202,"total":0.0070234,"children":{"CollectObservations":{"count":844,"self":0.0010031999999999999,"total":0.0010031999999999999,"children":null}}},"DecideAction":{"count":844,"self":1.0092926,"total":1.0092926,"children":null},"AcademyStep":{"count":844,"self":0.0040142,"total":0.0040142,"children":null},"AgentAct":{"count":844,"self":0.0085386,"total":0.0085386,"children":null}}}