{"count":1,"gauges":{},"self":64.554675199999991,"total":81.50008179999999,"children":{"AgentResetIfDone":{"count":4031,"self":0.0150881,"total":0.0150881,"children":null},"AgentSendState":{"count":4031,"self":0.2680706,"total":0.3881055,"children":{"CollectObservations":{"count":32248,"self":0.1200349,"total":0.1200349,"children":null}}},"DecideAction":{"count":4031,"self":16.4007808,"total":16.4007809,"children":null},"AcademyStep":{"count":4031,"self":0.028074099999999998,"total":0.028074099999999998,"children":null},"AgentAct":{"count":4031,"self":0.1113531,"total":0.1113531,"children":null}}}