{"count":1,"gauges":{},"self":108.35100159999999,"total":218.97076819999998,"children":{"AgentResetIfDone":{"count":21601,"self":1.8184326,"total":1.8184326,"children":null},"AgentSendState":{"count":21601,"self":0.9696674999999999,"total":1.2275741,"children":{"CollectObservations":{"count":21601,"self":0.2579066,"total":0.2579066,"children":null}}},"DecideAction":{"count":21601,"self":92.5008768,"total":105.91605709999999,"children":{"AgentInfo.ToProto":{"count":21601,"self":13.4151776,"total":13.4151779,"children":null}}},"AcademyStep":{"count":21601,"self":0.1599486,"total":0.1599486,"children":null},"AgentAct":{"count":21601,"self":1.4967571,"total":1.4967571,"children":null}}}