{"count":1,"gauges":{},"self":38.74912,"total":41.324036,"children":{"AgentResetIfDone":{"count":2029,"self":0.0040323,"total":0.0040323,"children":null},"AgentSendState":{"count":2029,"self":0.018060299999999998,"total":0.026087,"children":{"CollectObservations":{"count":2029,"self":0.0080267,"total":0.0080267,"children":null}}},"DecideAction":{"count":2029,"self":2.5167088,"total":2.5167088,"children":null},"AcademyStep":{"count":2029,"self":0.0090274,"total":0.0090274,"children":null},"AgentAct":{"count":2029,"self":0.0180584,"total":0.0180584,"children":null}}}