{"count":1,"gauges":{},"self":61.505676799999996,"total":63.689130799999994,"children":{"AgentResetIfDone":{"count":3173,"self":0.0060202,"total":0.0060202,"children":null},"AgentSendState":{"count":3173,"self":0.0160316,"total":0.0230538,"children":{"CollectObservations":{"count":1586,"self":0.0070221999999999993,"total":0.0070221999999999993,"children":null}}},"DecideAction":{"count":3173,"self":2.1082612,"total":2.1082611,"children":null},"AcademyStep":{"count":3173,"self":0.0130446,"total":0.0130446,"children":null},"AgentAct":{"count":3173,"self":0.031066399999999997,"total":0.031066399999999997,"children":null}}}