{"count":1,"gauges":{},"self":210.0142976,"total":223.61572669999998,"children":{"AgentResetIfDone":{"count":9912,"self":0.0285137,"total":0.0285137,"children":null},"AgentSendState":{"count":9912,"self":0.0672996,"total":0.097937299999999991,"children":{"CollectObservations":{"count":9912,"self":0.030637699999999997,"total":0.030637699999999997,"children":null}}},"DecideAction":{"count":9912,"self":13.3701416,"total":13.3701416,"children":null},"AcademyStep":{"count":9912,"self":0.032906,"total":0.032906,"children":null},"AgentAct":{"count":9912,"self":0.0719266,"total":0.0719266,"children":null}}}
