{"count":1,"gauges":{},"self":18.416487999999998,"total":18.4315368,"children":{"AgentResetIfDone":{"count":884,"self":0.0010033,"total":0.0010033,"children":null},"AgentSendState":{"count":884,"self":0.0040123,"total":0.0070215999999999994,"children":{"CollectObservations":{"count":884,"self":0.0030093,"total":0.0030093,"children":null}}},"DecideAction":{"count":884,"self":0.0030099999999999997,"total":0.0030099999999999997,"children":null},"AcademyStep":{"count":884,"self":0.0010035999999999999,"total":0.0010035999999999999,"children":null},"AgentAct":{"count":884,"self":0.0020066999999999997,"total":0.0020066999999999997,"children":null}}}
