{"count":1,"gauges":{},"self":34.399072,"total":36.611810399999996,"children":{"AgentResetIfDone":{"count":1586,"self":0.0029839,"total":0.0029839,"children":null},"AgentSendState":{"count":1586,"self":0.0059365999999999993,"total":0.0079385999999999988,"children":{"CollectObservations":{"count":1586,"self":0.002002,"total":0.002002,"children":null}}},"DecideAction":{"count":1586,"self":2.1928568,"total":2.1928568,"children":null},"AcademyStep":{"count":1586,"self":0.0029871,"total":0.0029871,"children":null},"AgentAct":{"count":1586,"self":0.0059711999999999994,"total":0.0059711999999999994,"children":null}}}