{"count":1,"gauges":{},"self":66.0197376,"total":319.3336824,"children":{"AgentResetIfDone":{"count":35951,"self":12.742572,"total":12.742572,"children":null},"AgentSendState":{"count":35951,"self":5.4950236,"total":8.5119919,"children":{"CollectObservations":{"count":287608,"self":3.0169682,"total":3.0169682,"children":null}}},"DecideAction":{"count":35951,"self":228.0597248,"total":230.7288318,"children":{"AgentInfo.ToProto":{"count":35951,"self":2.6691148,"total":2.6691148,"children":null}}},"AcademyStep":{"count":35951,"self":0.2719718,"total":0.2719718,"children":null},"AgentAct":{"count":35951,"self":1.0565769,"total":1.0565769,"children":null}}}