{"cameraMode":{"drawMode":0,"name":"Shaded","section":"Shading Mode"},"sceneLighting":true,"audioPlay":false,"sceneViewState":{"showFog":false,"showMaterialUpdate":false,"showSkybox":false,"showFlares":false,"showImageEffects":false,"showParticleSystems":false},"in2DMode":false,"pivot":{"x":-10.121488571166993,"y":-17.14079475402832,"z":24.278100967407228},"rotation":{"x":-0.1880907565355301,"y":0.29169216752052309,"z":-0.058615792542696,"w":-0.9360031485557556},"size":72.96717834472656,"orthographic":false}