{"cameraMode":{"drawMode":0,"name":"Shaded","section":"Shading Mode"},"sceneLighting":true,"audioPlay":false,"sceneViewState":{"showFog":false,"showMaterialUpdate":false,"showSkybox":false,"showFlares":false,"showImageEffects":false,"showParticleSystems":false},"in2DMode":false,"pivot":{"x":2.23349666595459,"y":-5.877604007720947,"z":21.736255645751954},"rotation":{"x":-0.09466645121574402,"y":-0.00537832360714674,"z":0.0005114847444929183,"w":-0.9954943656921387},"size":57.8616943359375,"orthographic":false}