{"cameraMode":{"drawMode":0,"name":"Shaded","section":"Shading Mode"},"sceneLighting":true,"audioPlay":false,"sceneViewState":{"showFog":false,"showMaterialUpdate":false,"showSkybox":false,"showFlares":false,"showImageEffects":false,"showParticleSystems":false},"in2DMode":false,"pivot":{"x":-19.367088317871095,"y":-16.50198745727539,"z":15.61745834350586},"rotation":{"x":-0.16226345300674439,"y":0.44801339507102969,"z":-0.08305761218070984,"w":-0.8752462863922119},"size":63.020084381103519,"orthographic":false}