{"cameraMode":{"drawMode":0,"name":"Shaded","section":"Shading Mode"},"sceneLighting":true,"audioPlay":false,"sceneViewState":{"showFog":false,"showMaterialUpdate":false,"showSkybox":false,"showFlares":false,"showImageEffects":false,"showParticleSystems":false},"in2DMode":false,"pivot":{"x":1.8764535188674927,"y":-4.131575584411621,"z":22.07485580444336},"rotation":{"x":-0.09466645121574402,"y":-0.00537832360714674,"z":0.0005114847444929183,"w":-0.9954943656921387},"size":59.821128845214847,"orthographic":false}