{"cameraMode":{"drawMode":0,"name":"Shaded","section":"Shading Mode"},"sceneLighting":true,"audioPlay":false,"sceneViewState":{"showFog":false,"showMaterialUpdate":false,"showSkybox":false,"showFlares":false,"showImageEffects":false,"showParticleSystems":false},"in2DMode":false,"pivot":{"x":0.4926992654800415,"y":-2.947038173675537,"z":23.558094024658204},"rotation":{"x":-0.04978792741894722,"y":-0.0068940771743655209,"z":0.00034368401975370944,"w":-0.9987359642982483},"size":49.5283203125,"orthographic":false}