{"cameraMode":{"drawMode":0,"name":"Shaded","section":"Shading Mode"},"sceneLighting":true,"audioPlay":false,"sceneViewState":{"showFog":false,"showMaterialUpdate":false,"showSkybox":false,"showFlares":false,"showImageEffects":false,"showParticleSystems":false},"in2DMode":false,"pivot":{"x":-6.312824249267578,"y":-17.468578338623048,"z":26.42070198059082},"rotation":{"x":-0.19554831087589265,"y":0.23482577502727509,"z":-0.04828884080052376,"w":-0.9509394764900208},"size":66.04869079589844,"orthographic":false}