{"cameraMode":{"drawMode":0,"name":"Shaded","section":"Shading Mode"},"sceneLighting":true,"audioPlay":false,"sceneViewState":{"showFog":false,"showMaterialUpdate":false,"showSkybox":false,"showFlares":false,"showImageEffects":false,"showParticleSystems":false},"in2DMode":false,"pivot":{"x":493.39959716796877,"y":316.6033935546875,"z":-114.79554748535156},"rotation":{"x":-0.06176697835326195,"y":0.011076956987380982,"z":-0.0006853616796433926,"w":-0.9980289340019226},"size":607.236328125,"orthographic":false}