{"cameraMode":{"drawMode":0,"name":"Shaded","section":"Shading Mode"},"sceneLighting":true,"audioPlay":false,"sceneViewState":{"showFog":false,"showMaterialUpdate":false,"showSkybox":false,"showFlares":false,"showImageEffects":false,"showParticleSystems":false},"in2DMode":false,"pivot":{"x":493.39959716796877,"y":316.6033935546875,"z":-114.79554748535156},"rotation":{"x":0.005689715966582298,"y":-0.0054015242494642738,"z":-0.00003055550405406393,"w":-0.9999692440032959},"size":607.236328125,"orthographic":false}