{"cameraMode":{"drawMode":0,"name":"Shaded","section":"Shading Mode"},"sceneLighting":true,"audioPlay":false,"sceneViewState":{"showFog":false,"showMaterialUpdate":false,"showSkybox":false,"showFlares":false,"showImageEffects":false,"showParticleSystems":false},"in2DMode":false,"pivot":{"x":469.07794189453127,"y":148.62191772460938,"z":182.2481689453125},"rotation":{"x":-0.10334897041320801,"y":0.18155762553215028,"z":-0.019190622493624688,"w":-0.9777461886405945},"size":1326.5172119140625,"orthographic":false}