{"cameraMode":{"drawMode":0,"name":"Shaded","section":"Shading Mode"},"sceneLighting":true,"audioPlay":false,"sceneViewState":{"showFog":false,"showMaterialUpdate":false,"showSkybox":false,"showFlares":false,"showImageEffects":false,"showParticleSystems":false},"in2DMode":false,"pivot":{"x":56.36638641357422,"y":-27.508079528808595,"z":9.369796752929688},"rotation":{"x":0.22636090219020844,"y":0.15410968661308289,"z":-0.03629666939377785,"w":0.9610897302627564},"size":145.0400390625,"orthographic":false}