{"cameraMode":{"drawMode":0,"name":"Shaded","section":"Shading Mode"},"sceneLighting":true,"audioPlay":false,"sceneViewState":{"showFog":false,"showMaterialUpdate":false,"showSkybox":false,"showFlares":false,"showImageEffects":false,"showParticleSystems":false},"in2DMode":false,"pivot":{"x":-23.615604400634767,"y":-19.584484100341798,"z":22.05293083190918},"rotation":{"x":-0.1880907565355301,"y":0.29169216752052309,"z":-0.058615792542696,"w":-0.9360031485557556},"size":91.69747924804688,"orthographic":false}