{"cameraMode":{"drawMode":0,"name":"Shaded","section":"Shading Mode"},"sceneLighting":false,"audioPlay":false,"sceneViewState":{"showFog":false,"showMaterialUpdate":false,"showSkybox":false,"showFlares":false,"showImageEffects":false,"showParticleSystems":false},"in2DMode":false,"pivot":{"x":0.8944664001464844,"y":0.7945842742919922,"z":0.0000019073486328125},"rotation":{"x":-0.10334897041320801,"y":0.18155762553215028,"z":-0.019190622493624688,"w":-0.9777461886405945},"size":80.59705352783203,"orthographic":false}