{"cameraMode":{"drawMode":0,"name":"Shaded","section":"Shading Mode"},"sceneLighting":true,"audioPlay":false,"sceneViewState":{"showFog":false,"showMaterialUpdate":false,"showSkybox":false,"showFlares":false,"showImageEffects":false,"showParticleSystems":false},"in2DMode":false,"pivot":{"x":-65.69447326660156,"y":-31.02987289428711,"z":64.07623291015625},"rotation":{"x":-0.1548255831003189,"y":0.3562266528606415,"z":-0.05997943505644798,"w":-0.9195293188095093},"size":151.81533813476563,"orthographic":false}