{"cameraMode":{"drawMode":0,"name":"Shaded","section":"Shading Mode"},"sceneLighting":true,"audioPlay":false,"sceneViewState":{"showFog":false,"showMaterialUpdate":false,"showSkybox":false,"showFlares":false,"showImageEffects":false,"showParticleSystems":false},"in2DMode":false,"pivot":{"x":-13.831915855407715,"y":-17.14079475402832,"z":21.71674156188965},"rotation":{"x":-0.1880907565355301,"y":0.29169216752052309,"z":-0.058615792542696,"w":-0.9360031485557556},"size":59.80363464355469,"orthographic":false}