{"cameraMode":{"drawMode":0,"name":"Shaded","section":"Shading Mode"},"sceneLighting":true,"audioPlay":false,"sceneViewState":{"showFog":false,"showMaterialUpdate":false,"showSkybox":false,"showFlares":false,"showImageEffects":false,"showParticleSystems":false},"in2DMode":false,"pivot":{"x":25.19112205505371,"y":14.259045600891114,"z":-37.63474655151367},"rotation":{"x":-0.1548255831003189,"y":0.3562266528606415,"z":-0.05997943505644798,"w":-0.9195293188095093},"size":3.5134782791137697,"orthographic":false}