{"cameraMode":{"drawMode":0,"name":"Shaded","section":"Shading Mode"},"sceneLighting":true,"audioPlay":false,"sceneViewState":{"showFog":false,"showMaterialUpdate":false,"showSkybox":false,"showFlares":false,"showImageEffects":false,"showParticleSystems":false},"in2DMode":false,"pivot":{"x":-48.41658020019531,"y":-53.517269134521487,"z":25.686580657958986},"rotation":{"x":-0.3100671172142029,"y":0.3852842450141907,"z":-0.13924841582775117,"w":-0.8579186797142029},"size":119.93409729003906,"orthographic":false}