{"cameraMode":{"drawMode":0,"name":"Shaded","section":"Shading Mode"},"sceneLighting":true,"audioPlay":false,"sceneViewState":{"showFog":false,"showMaterialUpdate":false,"showSkybox":false,"showFlares":false,"showImageEffects":false,"showParticleSystems":false},"in2DMode":false,"pivot":{"x":0.8101829886436462,"y":-4.4076457023620609,"z":33.394344329833987},"rotation":{"x":0.06775808334350586,"y":-0.000004419842298375443,"z":3.8309576666506475e-7,"w":0.9977018237113953},"size":58.47419357299805,"orthographic":false}