{"cameraMode":{"drawMode":0,"name":"Shaded","section":"Shading Mode"},"sceneLighting":true,"audioPlay":false,"sceneViewState":{"showFog":false,"showMaterialUpdate":false,"showSkybox":false,"showFlares":false,"showImageEffects":false,"showParticleSystems":false},"in2DMode":false,"pivot":{"x":0.0,"y":-8.771093368530274,"z":-0.00001049041748046875},"rotation":{"x":0.21557077765464784,"y":0.20475633442401887,"z":-0.046284377574920657,"w":0.9536571502685547},"size":84.74166870117188,"orthographic":false}