{"cameraMode":{"drawMode":0,"name":"Shaded","section":"Shading Mode"},"sceneLighting":true,"audioPlay":false,"sceneViewState":{"showFog":false,"showMaterialUpdate":false,"showSkybox":false,"showFlares":false,"showImageEffects":false,"showParticleSystems":false},"in2DMode":false,"pivot":{"x":-0.16994476318359376,"y":-1.0307722091674805,"z":8.167520523071289},"rotation":{"x":0.21557077765464784,"y":0.20475633442401887,"z":-0.046284377574920657,"w":0.9536571502685547},"size":37.65561294555664,"orthographic":false}