{"cameraMode":{"drawMode":0,"name":"Shaded","section":"Shading Mode"},"sceneLighting":true,"audioPlay":false,"sceneViewState":{"showFog":false,"showMaterialUpdate":false,"showSkybox":false,"showFlares":false,"showImageEffects":false,"showParticleSystems":false},"in2DMode":false,"pivot":{"x":37.63019943237305,"y":7.188629150390625,"z":-17.871654510498048},"rotation":{"x":0.1576550155878067,"y":0.4413885176181793,"z":-0.07909326255321503,"w":0.8798098564147949},"size":103.63450622558594,"orthographic":false}