{"count":1,"gauges":{},"self":318.588032,"total":324.6921496,"children":{"AgentResetIfDone":{"count":16194,"self":0.088515299999999991,"total":0.088515299999999991,"children":null},"AgentSendState":{"count":16194,"self":0.2914323,"total":1.0064415,"children":{"CollectObservations":{"count":25912,"self":0.7150092,"total":0.7150092,"children":null}}},"DecideAction":{"count":16194,"self":4.7575408,"total":4.7575408999999995,"children":null},"AcademyStep":{"count":16194,"self":0.0918676,"total":0.0918676,"children":null},"AgentAct":{"count":16194,"self":0.15875039999999999,"total":0.15875039999999999,"children":null}}}